Xdata,Ydata
1,2.841470985
2,3.909297427
3,4.141120008
4,4.243197505
5,5.041075725
6,6.720584502
7,8.656986599
8,9.989358247
9,10.41211849
10,10.45597889
11,11.00000979
12,12.46342708
13,14.42016704
14,15.99060736
15,16.65028784
16,16.71209668
17,17.03860251
18,18.24901275
19,20.14987721
20,21.91294525
